{"cameraMode":{"drawMode":0,"name":"Shaded","section":"Shading Mode"},"sceneLighting":false,"audioPlay":false,"sceneViewState":{"showFog":true,"showMaterialUpdate":false,"showSkybox":true,"showFlares":true,"showImageEffects":true,"showParticleSystems":true},"in2DMode":false,"pivot":{"x":-8.467731475830079,"y":1.7692737579345704,"z":5.1171875},"rotation":{"x":0.36134833097457888,"y":0.4542936384677887,"z":-0.20833906531333924,"w":0.7873774170875549},"size":6.550141334533691,"orthographic":false}