{"cameraMode":{"drawMode":0,"name":"Shaded","section":"Shading Mode"},"sceneLighting":false,"audioPlay":false,"sceneViewState":{"showFog":true,"showMaterialUpdate":false,"showSkybox":false,"showFlares":true,"showImageEffects":true,"showParticleSystems":true},"in2DMode":false,"pivot":{"x":-4.802132025361061e-9,"y":0.0000010585812333374634,"z":2.6193447411060335e-9},"rotation":{"x":-0.7174025774002075,"y":0.012329718098044396,"z":-0.012676742859184742,"w":-0.6966323852539063},"size":1.2042261362075806,"orthographic":false}