{"cameraMode":{"drawMode":0,"name":"Shaded","section":"Shading Mode"},"sceneLighting":false,"audioPlay":false,"sceneViewState":{"showFog":true,"showMaterialUpdate":false,"showSkybox":false,"showFlares":true,"showImageEffects":true,"showParticleSystems":true},"in2DMode":false,"pivot":{"x":-2.764863893389702e-9,"y":0.0,"z":-1.5133991837501526e-9},"rotation":{"x":-0.6350983381271362,"y":-0.00474317092448473,"z":-0.0008812209125608206,"w":-0.7727793455123901},"size":0.004226075951009989,"orthographic":true}