{"cameraMode":{"drawMode":0,"name":"Shaded","section":"Shading Mode"},"sceneLighting":false,"audioPlay":false,"sceneViewState":{"showFog":true,"showMaterialUpdate":false,"showSkybox":true,"showFlares":true,"showImageEffects":true,"showParticleSystems":true},"in2DMode":false,"pivot":{"x":-0.19536644220352174,"y":-2.535431146621704,"z":0.8465552926063538},"rotation":{"x":0.7258254289627075,"y":-0.005361173767596483,"z":0.006404352840036154,"w":0.6880896687507629},"size":16.00872802734375,"orthographic":false}