{"cameraMode":{"drawMode":0,"name":"Shaded","section":"Shading Mode"},"sceneLighting":false,"audioPlay":false,"sceneViewState":{"showFog":true,"showMaterialUpdate":false,"showSkybox":false,"showFlares":true,"showImageEffects":true,"showParticleSystems":true},"in2DMode":false,"pivot":{"x":-0.8706228137016296,"y":0.001918295631185174,"z":2.9337587356567385},"rotation":{"x":-0.535191535949707,"y":-0.46435338258743288,"z":0.5337628722190857,"w":-0.4619256854057312},"size":6.032241344451904,"orthographic":false}