{"cameraMode":{"drawMode":0,"name":"Shaded","section":"Shading Mode"},"sceneLighting":false,"audioPlay":false,"sceneViewState":{"showFog":true,"showMaterialUpdate":false,"showSkybox":true,"showFlares":true,"showImageEffects":true,"showParticleSystems":true},"in2DMode":false,"pivot":{"x":-11.500246047973633,"y":-0.37197279930114748,"z":-4.500013828277588},"rotation":{"x":0.5281614661216736,"y":-0.04140970855951309,"z":0.02590382844209671,"w":0.8479206562042236},"size":2.1804752349853517,"orthographic":false}