{"cameraMode":{"drawMode":0,"name":"Shaded","section":"Shading Mode"},"sceneLighting":false,"audioPlay":false,"sceneViewState":{"showFog":true,"showMaterialUpdate":false,"showSkybox":true,"showFlares":true,"showImageEffects":true,"showParticleSystems":true},"in2DMode":false,"pivot":{"x":-14.17751693725586,"y":7.320664405822754,"z":-7.501212120056152},"rotation":{"x":0.04202186316251755,"y":-0.648463249206543,"z":0.03620169684290886,"w":0.7594180107116699},"size":16.327564239501954,"orthographic":false}