{"cameraMode":{"drawMode":0,"name":"Shaded","section":"Shading Mode"},"sceneLighting":false,"audioPlay":false,"sceneViewState":{"showFog":true,"showMaterialUpdate":false,"showSkybox":false,"showFlares":true,"showImageEffects":true,"showParticleSystems":true},"in2DMode":false,"pivot":{"x":-4.2782630771398548e-9,"y":0.000009000301361083984,"z":1.8044374883174897e-9},"rotation":{"x":0.00746349710971117,"y":0.9172312617301941,"z":-0.007555096875876188,"w":0.3989371359348297},"size":0.0025146331172436477,"orthographic":true}