{"cameraMode":{"drawMode":0,"name":"Shaded","section":"Shading Mode"},"sceneLighting":false,"audioPlay":false,"sceneViewState":{"showFog":true,"showMaterialUpdate":false,"showSkybox":false,"showFlares":true,"showImageEffects":true,"showParticleSystems":true},"in2DMode":false,"pivot":{"x":-4.802132025361061e-9,"y":7.629395781805215e-7,"z":-4.0745362639427187e-10},"rotation":{"x":0.012887467630207539,"y":-0.8783658742904663,"z":0.0237199068069458,"w":0.4772298038005829},"size":0.0025868203956633808,"orthographic":true}