{"cameraMode":{"drawMode":0,"name":"Shaded","section":"Shading Mode"},"sceneLighting":false,"audioPlay":false,"sceneViewState":{"showFog":true,"showMaterialUpdate":false,"showSkybox":false,"showFlares":true,"showImageEffects":true,"showParticleSystems":true},"in2DMode":false,"pivot":{"x":-2.735760062932968e-9,"y":-7.629395781805215e-7,"z":-2.6193447411060335e-9},"rotation":{"x":0.6600121855735779,"y":-0.009014342911541462,"z":0.007920525036752224,"w":0.7511591911315918},"size":0.004226075951009989,"orthographic":true}