{"cameraMode":{"drawMode":0,"name":"Shaded","section":"Shading Mode"},"sceneLighting":false,"audioPlay":false,"sceneViewState":{"showFog":true,"showMaterialUpdate":false,"showSkybox":false,"showFlares":true,"showImageEffects":true,"showParticleSystems":true},"in2DMode":false,"pivot":{"x":-2.9685907065868379e-9,"y":-8.226038517022971e-7,"z":5.820766091346741e-10},"rotation":{"x":0.7137423157691956,"y":-0.040043238550424579,"z":0.04094238579273224,"w":0.6980704665184021},"size":0.004226070828735828,"orthographic":true}