{"cameraMode":{"drawMode":0,"name":"Shaded","section":"Shading Mode"},"sceneLighting":false,"audioPlay":false,"sceneViewState":{"showFog":true,"showMaterialUpdate":false,"showSkybox":false,"showFlares":true,"showImageEffects":true,"showParticleSystems":true},"in2DMode":false,"pivot":{"x":-6.490154191851616e-9,"y":0.0,"z":-1.862645149230957e-9},"rotation":{"x":0.6364682912826538,"y":-0.11770864576101303,"z":0.09912482649087906,"w":0.7557986378669739},"size":0.004226073622703552,"orthographic":true}