{"cameraMode":{"drawMode":0,"name":"Shaded","section":"Shading Mode"},"sceneLighting":false,"audioPlay":false,"sceneViewState":{"showFog":true,"showMaterialUpdate":false,"showSkybox":true,"showFlares":true,"showImageEffects":true,"showParticleSystems":true},"in2DMode":false,"pivot":{"x":-11.49991226196289,"y":-0.2963674068450928,"z":-4.499889373779297},"rotation":{"x":0.5281614661216736,"y":-0.04140970855951309,"z":0.02590382844209671,"w":0.8479206562042236},"size":2.1806552410125734,"orthographic":false}