{"cameraMode":{"drawMode":0,"name":"Shaded","section":"Shading Mode"},"sceneLighting":false,"audioPlay":false,"sceneViewState":{"showFog":true,"showMaterialUpdate":false,"showSkybox":true,"showFlares":true,"showImageEffects":true,"showParticleSystems":true},"in2DMode":false,"pivot":{"x":6.839962959289551,"y":-0.3719751834869385,"z":-4.551104545593262},"rotation":{"x":0.5577348470687866,"y":0.0365288071334362,"z":-0.02423493005335331,"w":0.8290459513664246},"size":2.200225353240967,"orthographic":false}