{"cameraMode":{"drawMode":0,"name":"Shaded","section":"Shading Mode"},"sceneLighting":false,"audioPlay":false,"sceneViewState":{"showFog":true,"showMaterialUpdate":false,"showSkybox":false,"showFlares":true,"showImageEffects":true,"showParticleSystems":true},"in2DMode":false,"pivot":{"x":-1.04482751339674e-8,"y":7.629395781805215e-7,"z":-1.1641532182693482e-9},"rotation":{"x":0.7986049652099609,"y":-0.11411837488412857,"z":0.16022300720214845,"w":0.5688034296035767},"size":0.004226070828735828,"orthographic":true}