{"cameraMode":{"drawMode":0,"name":"Shaded","section":"Shading Mode"},"sceneLighting":false,"audioPlay":false,"sceneViewState":{"showFog":true,"showMaterialUpdate":false,"showSkybox":true,"showFlares":true,"showImageEffects":true,"showParticleSystems":true},"in2DMode":false,"pivot":{"x":-11.520028114318848,"y":-0.37235331535339358,"z":-4.50814962387085},"rotation":{"x":0.6875247359275818,"y":0.01326045859605074,"z":-0.01267748512327671,"w":0.7261481285095215},"size":2.1990978717803957,"orthographic":false}