{"cameraMode":{"drawMode":0,"name":"Shaded","section":"Shading Mode"},"sceneLighting":false,"audioPlay":false,"sceneViewState":{"showFog":true,"showMaterialUpdate":false,"showSkybox":true,"showFlares":true,"showImageEffects":true,"showParticleSystems":true},"in2DMode":false,"pivot":{"x":-5.941697120666504,"y":1.012773871421814,"z":4.2963714599609379},"rotation":{"x":0.06504139304161072,"y":0.8516655564308167,"z":-0.10719331353902817,"w":0.5092625617980957},"size":3.142008066177368,"orthographic":false}