{"cameraMode":{"drawMode":0,"name":"Shaded","section":"Shading Mode"},"sceneLighting":false,"audioPlay":false,"sceneViewState":{"showFog":true,"showMaterialUpdate":false,"showSkybox":true,"showFlares":true,"showImageEffects":true,"showParticleSystems":true},"in2DMode":false,"pivot":{"x":-3.063523292541504,"y":0.19138336181640626,"z":-3.1832523345947267},"rotation":{"x":0.5578354001045227,"y":0.10790210217237473,"z":-0.07237713038921356,"w":0.8199602365493774},"size":2.181311845779419,"orthographic":false}