{"cameraMode":{"drawMode":0,"name":"Shaded","section":"Shading Mode"},"sceneLighting":false,"audioPlay":false,"sceneViewState":{"showFog":true,"showMaterialUpdate":false,"showSkybox":true,"showFlares":true,"showImageEffects":true,"showParticleSystems":true},"in2DMode":false,"pivot":{"x":-4.505004405975342,"y":0.3591552972793579,"z":0.09742362797260285},"rotation":{"x":0.7093282341957092,"y":-0.0023456444032490255,"z":0.0026563883293420078,"w":0.7051031589508057},"size":12.716493606567383,"orthographic":false}